,,,
,,,
,,,
,,,
,,,
,,,
,,,
,,,
,,,
,,,
,,,
,block_cilk,20,64
,block_cilk,21,64
,block_cilk,22,64
,block_cilk,23,64
,block_cilk,24,64
,block_cilk,25,64
,block_cilk,26,64
,block_cilk,27,64
,block_cilk,28,64
,block_cilk,29,64
,block_ff,20,64
,block_ff,21,64
,block_ff,22,64
,block_ff,23,64
,block_ff,24,64
,block_ff,25,64
,block_ff,26,64
,block_ff,27,64
,block_ff,28,64
,block_ff,29,64
,block_omp,20,64
,block_omp,21,64
,block_omp,22,64
,block_omp,23,64
,block_omp,24,64
,block_omp,25,64
,block_omp,26,64
,block_omp,27,64
,block_omp,28,64
,block_omp,29,64
,block_stl,20,64
,block_stl,21,64
,block_stl,22,64
,block_stl,23,64
,block_stl,24,64
,block_stl,25,64
,block_stl,26,64
,block_stl,27,64
,block_stl,28,64
,block_stl,29,64
,circ_cilk,20,64
,circ_cilk,21,64
,circ_cilk,22,64
,circ_cilk,23,64
,circ_cilk,24,64
,circ_cilk,25,64
,circ_cilk,26,64
,circ_cilk,27,64
,circ_cilk,28,64
,circ_cilk,29,64
,circ_ff,20,64
,circ_ff,21,64
,circ_ff,22,64
,circ_ff,23,64
,circ_ff,24,64
,circ_ff,25,64
,circ_ff,26,64
,circ_ff,27,64
,circ_ff,28,64
,circ_ff,29,64
,circ_omp,20,64
,circ_omp,21,64
,circ_omp,22,64
,circ_omp,23,64
,circ_omp,24,64
,circ_omp,25,64
,circ_omp,26,64
,circ_omp,27,64
,circ_omp,28,64
,circ_omp,29,64
,circ_stl,20,64
,circ_stl,21,64
,circ_stl,22,64
,circ_stl,23,64
,circ_stl,24,64
,circ_stl,25,64
,circ_stl,26,64
,circ_stl,27,64
,circ_stl,28,64
,circ_stl,29,64
